{
  "project_info": {
    "project_number": "958468073168",
    "firebase_url": "https://test-8fcd3-default-rtdb.firebaseio.com",
    "project_id": "test-8fcd3",
    "storage_bucket": "test-8fcd3.appspot.com"
  },
  "client": [
    {
      "client_info": {
        "mobilesdk_app_id": "1:958468073168:android:5e773c3e4eba1365bb20d5",
        "android_client_info": {
          "package_name": "hashcode.firebase"
        }
      },
      "oauth_client": [
        {
          "client_id": "958468073168-gnnu8cigkol7q8edhto99f3irbi531ol.apps.googleusercontent.com",
          "client_type": 3
        }
      ],
      "api_key": [
        {
          "current_key": "AIzaSyBrzH5b4W_svkjtcWaCmd3dBHrqd5M166o"
        }
      ],
      "services": {
        "appinvite_service": {
          "other_platform_oauth_client": [
            {
              "client_id": "958468073168-gnnu8cigkol7q8edhto99f3irbi531ol.apps.googleusercontent.com",
              "client_type": 3
            }
          ]
        }
      }
    },
    {
      "client_info": {
        "mobilesdk_app_id": "1:958468073168:android:e0dcd0fb557cc48bbb20d5",
        "android_client_info": {
          "package_name": "lk.hashcode.customauthentication"
        }
      },
      "oauth_client": [
        {
          "client_id": "958468073168-gnnu8cigkol7q8edhto99f3irbi531ol.apps.googleusercontent.com",
          "client_type": 3
        }
      ],
      "api_key": [
        {
          "current_key": "AIzaSyBrzH5b4W_svkjtcWaCmd3dBHrqd5M166o"
        }
      ],
      "services": {
        "appinvite_service": {
          "other_platform_oauth_client": [
            {
              "client_id": "958468073168-gnnu8cigkol7q8edhto99f3irbi531ol.apps.googleusercontent.com",
              "client_type": 3
            }
          ]
        }
      }
    },
    {
      "client_info": {
        "mobilesdk_app_id": "1:958468073168:android:5b20b137a080c8d3bb20d5",
        "android_client_info": {
          "package_name": "lk.hashcode.encryption"
        }
      },
      "oauth_client": [
        {
          "client_id": "958468073168-gnnu8cigkol7q8edhto99f3irbi531ol.apps.googleusercontent.com",
          "client_type": 3
        }
      ],
      "api_key": [
        {
          "current_key": "AIzaSyBrzH5b4W_svkjtcWaCmd3dBHrqd5M166o"
        }
      ],
      "services": {
        "appinvite_service": {
          "other_platform_oauth_client": [
            {
              "client_id": "958468073168-gnnu8cigkol7q8edhto99f3irbi531ol.apps.googleusercontent.com",
              "client_type": 3
            }
          ]
        }
      }
    },
    {
      "client_info": {
        "mobilesdk_app_id": "1:958468073168:android:fb80cd2bd28ce024bb20d5",
        "android_client_info": {
          "package_name": "lk.hashcode.firebase"
        }
      },
      "oauth_client": [
        {
          "client_id": "958468073168-gnnu8cigkol7q8edhto99f3irbi531ol.apps.googleusercontent.com",
          "client_type": 3
        }
      ],
      "api_key": [
        {
          "current_key": "AIzaSyBrzH5b4W_svkjtcWaCmd3dBHrqd5M166o"
        }
      ],
      "services": {
        "appinvite_service": {
          "other_platform_oauth_client": [
            {
              "client_id": "958468073168-gnnu8cigkol7q8edhto99f3irbi531ol.apps.googleusercontent.com",
              "client_type": 3
            }
          ]
        }
      }
    }
  ],
  "configuration_version": "1"
}